ITEM_ESTOQUE;Estoque
19516;2
4140;1
27639;3
36152;5
30893;1
29159;1
11058;266
33981;3
35033;5
273832;6
28016;4
3342;107
28191;1
25821;8
28250;8
5279;7
27641;4
259731;1
259756;1
37676;14
19318;37
28189;3
2272;1
17631;2
273934;82
31890;1
5009;3
4168;1
31039;1
255280;1
24541;2
17663;19
2307;53
3331;70
3680;1
26133;2
33171;3
3290;5
2769;1
32760;2
32762;2
279;67
26330;17
32650;10
32010;1
26162;32
33089;1
33129;7
36203;6
23857;2
23858;2
28078;3
30823;1
19320;5
19382;13
283;32
2969;4
3344;349
29023;1
32606;1
12894;2
12963;12
43621;1
28204;1
2644;7
17969;1
18029;1
18031;1
270622;4
270624;3
357379;1
3630;1
30088;1
4950;6
35288;2
32454;2
9411;1
37457;5
4046;2
1948;129
33773;57
12773;7
30225;3
3345;370
33447;4
27406;1
35257;1
43623;16
5683;2
2974;1
17900;91
28005;1
28006;1
28061;1
253;3
7667;1
7666;3
27831;1
31496;1
33057;1
459;1
461;5
30378;1
5877;38
2282;3
23841;2
30690;2
28613;2
23859;2
33104;2
36144;4
360290;5
276297;1
5951;1
26405;8
254127;10
31557;3
30507;1
28252;3
688;2
30292;3
30278;1
4467;1
24150;2
65;4
28105;1
33192;8
26360;12
30291;1
251694;1
17287;11
35035;10
4517;6
5682;7
1982;6
38164;3
30752;1
28646;1
5943;1
3675;2
3559;2
5006;2
3581;1
28708;1
2997;1
5890;1
238630;5
2489;10
266639;5
360883;2
2514;6
7301;12
3440;3
2562;2
6742;4
39639;15
33411;4
7158;22
172361;8
3687;3
6198;2
4478;6
239360;2
3648;2
3564;5
3548;1
3723;4
238383;1
7882;1
4608;1
235999;3
357462;6
265960;2
26720;2
35017;4
273901;1
19196;1
19271;2
37799;4
28219;4
35395;2
6873;1
16334;1
6880;1
16949;1
23005;1
28445;1
26221;1
12829;3
31400;20
22989;2
31394;73
31401;61
26340;6
359887;19
360875;2
5963;1
5202;1
35561;2
40253;5
360876;1
30794;1
361152;11
7193;5
19211;6
19253;2
19262;3
19267;2
19339;2
19358;1
19363;2
19366;3
19367;2
19265;2
270968;1
23345;1
23481;1
33267;1
32733;7
2933;2
14965;1
25971;23
21681;7
21609;1
275215;1
26074;9
26070;22
30502;1
28566;1
36161;4
33028;2
35620;3
27505;2
33172;5
31197;1
561;1
6942;20
22672;16
3764;10
5808;1
2526;1
2499;9
5836;3
37336;12
39037;3
1984;7
31350;3
31398;88
4650;3
833;4
7813;17
23017;5
37104;607
5735;1
32622;1
32191;1
360896;1
26203;2
4941;1
8501;1
23850;1
17196;1
17168;1
696;3
17201;1
726;1
30303;1
5568;1
2573;1
2327;1
28317;1
28668;3
32608;1
174157;4
30250;1
26129;6
26085;1
67;4
35284;8
30480;1
33357;9
35632;4
15337;5
21152;2
28614;2
2273;1
26713;2
19424;5
360288;13
270623;5
274256;2
5174;2
6303;1
27395;1
27396;1
27513;1
27515;1
36176;16
3046;1
34041;5
360879;8
30206;1
30176;1
12146;2
27701;1
3234;4
14425;2
14489;2
14560;2
31925;2
274079;14
23265;1
23269;1
23270;1
23273;1
28650;2
6889;5
273908;2
28439;1
28116;1
33456;6
23939;1
19350;1
5712;1
17144;1
28364;2
26343;13
3334;23
30383;6
32590;2
22962;2
229709;1
19482;1
7664;1
14722;2
14479;3
33221;20
14721;2
14724;1
23184;1
30227;2
30228;1
30229;1
5690;2
17496;4
17189;1
30034;1
26166;2
29499;1
26452;1
30290;2
30289;1
33805;4
1805;1
27648;3
794;2
31382;1
14484;1
31405;5
251074;1
13041;1
24267;6
25890;2
18254;3
32335;10
7016;1
19325;1
19336;1
19334;2
7787;6
19337;2
4559;8
7733;11
26345;12
26079;67
19923;1
9817;1
33218;2
20183;4
11650;8
25817;14
15579;2
31393;5
22342;18
13461;12
14734;2
15419;5
25717;2
26126;4
28197;2
14738;3
25815;8
15296;5
33967;4
35661;6
33927;2
26249;5
26037;7
26094;11
25974;13
26157;10
3729;8
33212;2
15526;14
32565;3
1706;10
23015;1
32615;1
26450;1
12003;1
3778;2
17986;1
2298;1
32093;5
14671;1
22998;1
14165;1
31303;4
24148;16
33315;10
33392;6
22688;2
31316;4
15316;1
19427;1
30260;1
2581;1
262912;2
11998;10
27045;1
274010;2
4385;1
30269;2
273889;2
31337;1
22976;2
240146;1
265953;2
31195;2
22445;1
245261;1
11518;6
2214;1
28213;1
28208;7
31238;2
6887;2
28150;1
19742;1
31346;29
45333;1
20676;1
2700;1
11185;1
27668;8
30934;1
175379;4
7948;1
30296;2
17249;1
22985;4
7961;45
32111;10
14713;4
14741;3
3612;2
32431;2
32301;1
32114;9
33851;22
7960;19
14157;4
25652;2
14430;1
14730;3
14742;1
14714;8
33098;2
225834;3
230850;1
225674;1
225779;1
225805;1
225780;4
358874;3
26337;3
359714;11
2308;19
34857;3
28256;1
14588;2
14589;1
14590;3
31404;7
32145;6
30493;3
5831;2
11055;1
30294;1
31729;1
31730;1
5234;6
7820;4
7121;2
33407;4
6948;2
251076;1
31327;16
22293;2
33449;20
4518;36
15563;1
29973;46
14669;1
14426;1
25885;8
19013;1
458;2
7821;69
443;2
15325;2
26361;2
13943;38
436;4
457;1
32417;2
22496;1
33804;3
9281;6
7865;5
9530;2
685;10
246761;10
23835;5
7292;1
7126;1
4468;2
7017;2
11024;2
9510;2
14069;16
9603;1
15431;1
17690;1
25861;13
3920;6
15340;4
33403;13
5704;7
35584;7
28100;3
26311;7
33888;2
3804;1
7917;1
7884;1
14731;2
8599;1
9315;1
15581;1
28222;4
27658;12
36053;8
92;18
7338;5
14169;1
25747;1
27574;3
21075;1
19213;10
19392;6
3535;1
19215;3
19359;2
19205;1
19441;1
19328;1
19398;1
19222;1
19434;6
19329;1
19330;2
17901;4
3325;3
19198;1
19357;1
273831;3
19429;2
272312;2
36217;6
360885;4
25840;31
36188;4
30230;1
36233;6
32377;1
263919;1
25871;1
5426;1
17494;1
17662;2
669;2
21947;1
18004;1
27895;1
4806;3
25847;2
31289;2
33420;7
33338;2
266176;2
33351;3
35562;3
33366;4
35570;5
33368;4
35566;5
33365;4
266724;5
35576;3
35581;3
33373;2
266159;8
35831;9
35332;2
35628;2
33916;10
35714;2
31396;11
33344;20
29758;1
26130;2
1853;1
11378;8
24310;2
5173;5
3738;9
7194;3
19432;5
26722;4
5949;1
27913;1
25765;6
34332;4
5229;21
33360;10
31435;5
6925;8
35627;10
14558;2
35038;25
26414;3
17719;8
27632;6
34227;10
267670;8
267612;6
14726;4
3292;6
33222;5
7031;9
3228;55
257116;6
14439;2
5393;5
5392;5
7818;2
11187;3
11186;3
8627;2
8628;4
14632;3
31019;4
14656;6
26399;13
32117;5
23575;2
27627;2
18315;1
25723;6
35434;3
32094;1
4453;3
7447;2
14389;2
7378;2
25818;1
22979;2
35246;8
28945;4
31616;63
31355;36
3370;19
23995;4
236523;11
4673;4
14559;2
32398;1
3326;23
266165;19
16700;1
26363;1
274536;1
26679;1
32188;2
28188;1
25878;1
35016;1
9294;1
26396;2
4520;89
17753;6
4041;1
8102;1
32283;1
35158;2
27354;1
228541;1
27365;3
2476;1
24864;1
6689;9
3408;6
26545;1
26537;2
7596;4
34821;1
24592;4
27545;1
26775;1
3674;1
35262;2
27420;1
27467;1
27441;1
5662;1
8383;1
3673;1
4720;1
4472;1
5460;2
6992;1
26406;2
33272;2
14601;4
28475;1
35014;4
35021;3
3304;1
28049;1
28063;1
32099;2
31099;1
22944;8
25851;1
24140;2
33160;8
3333;3
24100;2
16184;3
30611;1
35277;4
35282;1
35281;1
33356;2
35578;22
3549;3
4485;6
33339;46
33856;21
28887;2
30745;1
30725;1
29270;3
29276;1
29275;2
2759;1
29807;2
265329;1
5024;1
29205;2
33734;4
30651;1
33371;3
360892;30
360893;25
29876;2
34113;2
35544;7
33946;1
33989;1
33829;2
33689;1
42778;2
30950;1
29391;1
32246;1
33208;1
33188;2
8251;1
14585;1
32718;3
7966;1
22255;1
27372;1
27371;1
26715;1
25642;3
26132;2
230236;1
26773;1
229725;1
6279;2
32128;2
23002;1
14468;1
10761;1
23944;3
1846;1
28931;2
16927;6
359715;3
29147;11
7131;2
23699;2
7343;3
274645;4
5611;4
36049;2
13952;8
26093;4
25768;4
24833;2
5689;1
24022;2
27881;1
29834;4
5222;10
5168;3
264617;1
234339;1
18035;1
35372;9
30085;2
33948;1
1196;1
6924;1
273973;3
20157;4
30848;1
2781;1
2763;1
5007;1
5003;1
4353;1
2795;1
7926;2
25975;1
26416;1
24630;2
2229;1
36157;2
271329;2
30323;1
5277;1
13057;1
35042;1
13068;1
12388;1
63;5
23848;1
32711;2
15951;1
9755;3
35148;3
32710;4
32764;1
33004;2
19319;2
19364;1
30647;1
2998;2
32268;1
19048;1
17847;2
32577;2
32607;2
19408;2
21941;1
19389;1
32761;1
32916;1
32910;1
32943;2
26219;5
21605;1
25503;3
27506;2
31589;1
19290;4
573;2
273971;4
14595;2
2932;1
2918;1
28001;1
33770;5
33274;2
274255;3
19252;1
26761;1
27721;3
27976;2
28033;1
27269;1
33591;1
23536;1
841;1
28962;1
31011;1
4874;1
36349;5
16853;2
27275;1
18042;2
1506;2
274815;1
31352;2
31638;1
25670;1
33973;29
15306;20
33175;1
260;4
14594;1
30495;2
35798;42
266286;1
274864;2
28066;1
5874;15
30223;3
30503;1
28841;5
6551;4
33926;4
1701;10
1698;14
14351;1
30620;1
30939;1
28606;1
30782;1
30770;1
30721;1
30724;1
30604;1
30933;1
28907;1
30360;1
31785;1
30574;1
30704;2
29803;1
29837;2
29943;1
29851;1
29835;2
258549;1
31904;1
273951;2
30341;1
31825;1
259600;1
265660;4
33273;4
14676;1
15328;1
25816;2
14399;1
23750;3
7347;1
239603;1
2278;2
13942;2
32942;2
7898;3
8296;1
23000;1
32048;1
30045;1
33169;3
31660;1
29808;10
274101;1
30224;1
28158;2
35684;6
29766;2
360888;4
4946;1
448;1
14490;1
14126;1
22493;1
29145;1
7290;1
35186;1
27640;1
32160;1
19900;2
3226;10
34054;1
8389;2
6408;1
7899;1
19410;3
19411;3
19255;24
19254;16
19395;2
19383;1
7835;1
33090;1
30182;2
32396;1
32245;1
33423;14
30036;2
23018;1
32493;1
247806;1
276171;1
13348;1
271168;1
19002;3
20294;3
28996;1
178125;1
5436;6
4645;1
5729;1
5731;1
6768;2
6896;1
6897;1
32215;1
33141;6
33145;1
232967;1
32258;1
227463;1
27925;1
27922;1
27921;1
262156;1
22499;1
22500;1
32194;1
30019;1
32802;1
26326;1
23687;1
33186;1
23752;1
17493;1
27304;1
33526;1
795;1
19189;1
266705;4
33751;4
31290;18
32304;4
26685;2
19425;4
27468;1
19420;6
26523;8
26708;3
26250;1
27652;2
39615;0
30011;1
8539;2
14392;1
30307;1
271128;4
4951;1
5235;6
19433;1
19302;1
4810;1
33251;2
33962;2
33991;4
30515;1
32502;1
26659;1
14825;2
274316;3
29066;1
4373;1
30322;1
17657;2
32763;1
31228;1
31288;1
5028;1
32786;1
32288;1
272638;1
29836;1
26617;1
33070;1
23601;1
4995;1
4997;1
8925;1
27873;2
33391;10
20701;2
336;6
30274;1
6573;2
8321;3
32348;2
17088;1
14650;2
25792;12
26348;1
24098;2
12590;2
30945;1
30355;1
30831;1
30937;1
30595;1
31997;1
31815;1
30718;1
29271;4
29273;2
30886;1
30940;1
358872;1
22782;1
30157;1
272842;1
30008;2
14128;2
23267;1
28113;2
33353;4
239741;6
33990;4
3690;2
23557;1
29869;1
29771;1
30518;1
3332;2
7525;2
30818;2
31668;2
263197;2
32100;1
30158;1
30496;1
28369;2
29111;2
36829;19
19351;1
18771;3
19412;2
26710;1
26683;1
19119;3
27691;3
216436;1
28198;1
28412;2
4514;14
5041;2
2941;1
31193;1
5913;1
16950;1
31597;2
19406;3
28187;1
33999;2
30185;1
30188;1
30936;1
31922;1
274579;2
5760;1
29207;1
225668;1
19517;1
274317;1
33427;5
28951;8
29924;1
258;1
26246;6
274240;5
26036;9
267513;5
1474;1
251073;1
5437;1
32234;1
32239;1
9317;7
32319;2
3236;2
32159;2
14587;2
261;9
32479;1
360388;3
3747;9
32665;2
33941;4
29745;4
451;3
2963;1
19190;1
11203;1
274241;1
15323;2
33215;3
270812;1
12687;2
263487;1
24218;1
30044;2
32621;1
32612;2
234592;1
6789;4
229813;1
3346;9
358879;4
36216;9
7512;2
239045;1
363911;16
5717;14
8590;2
363924;2
7110;26
6439;1
496;2
1613;1
32126;4
33929;4
33537;5
7742;2
19405;1
12563;1
6593;6
16679;1
642;9
25854;4
274182;9
31410;5
33237;1
5142;2
26095;3
1266;2
26321;4
5677;2
14411;1
33257;2
31395;56
32945;2
21602;2
25432;2
32821;2
19280;2
32818;2
264296;1
227415;1
31566;1
29932;2
30252;1
28586;1
26625;1
20019;1
266999;10
2030;2
14740;1
28574;1
31656;2
360294;1
23042;5
23043;4
23780;8
7508;9
19400;3
19403;3
7507;3
28782;1
3876;3
14895;1
2995;1
12630;5
14573;1
6655;2
33850;3
26089;8
28235;1
35739;5
33441;5
366805;4
366806;4
17886;1
22686;1
38414;3
14956;6
5802;5
39036;3
39040;2
28137;1
16737;4
239944;1
15589;1
12800;1
27908;1
266057;6
36212;4
365679;8
365463;8
265339;5
34966;128
35279;3
360887;2
37713;1
37748;3
266160;3
42856;2
34029;1
267129;14
3324;3
26488;2
31606;1
33401;5
867;6
275193;1
9221;2
238052;1
29844;1
31424;1
5994;1
7603;3
14717;1
23452;1
366812;1
21896;21
22767;1
24004;1
23331;1
23281;1
23410;3
15288;4
23984;1
365697;1
365698;1
365696;1
23398;1
23409;2
35324;2
35527;10
23391;3
23404;1
23470;2
15289;4
23396;1
23502;1
23335;1
23446;1
23346;1
15199;1
15276;1
24492;1
12770;1
366804;1
35794;10
34124;10
24458;1
34181;1
29118;1
7216;1
33440;2
14950;6
24141;2
30649;2
14539;2
33343;2
3392;1
5164;5
33347;2
33454;1
5104;7
31847;1
31535;1
5635;2
31853;1
30822;3
31532;1
30881;1
30077;2
33358;7
35800;2
30081;1
2757;1
3030;1
29804;1
29763;1
30314;1
4007;1
30930;1
30597;1
31998;1
29789;1
31908;1
28886;2
30309;3
30311;3
28255;1
30284;1
252961;1
30907;2
30894;1
30695;3
31905;1
6068;1
31849;2
30908;1
30282;1
30606;1
31900;2
31302;1
30168;1
30605;1
31741;1
32017;1
31294;1
31994;1
6643;1
6064;1
29158;1
30842;1
31542;1
29303;1
30688;1
30882;1
6661;1
266239;5
266227;3
24533;2
2654;14
266311;10
271210;1
13453;5
32023;1
265477;1
30166;1
2475;2
257162;1
257155;2
257175;2
257174;1
31599;1
31607;1
30802;1
259732;1
37147;2
30952;1
35601;4
35342;4
4626;10
35573;2
33310;6
267097;10
33953;8
29790;2
275137;2
22453;1
30719;2
30280;2
29768;1
31722;1
31844;1
31937;2
30723;1
31901;1
30435;2
32902;2
276229;2
5781;1
5008;1
5023;2
1769;1
11909;1
30161;2
30631;1
263516;1
32018;2
30500;1
259437;1
30832;1
30825;2
30852;1
31899;1
8953;2
28278;1
28605;1
30923;2
30896;1
30143;1
30851;1
30931;1
259516;1
263199;1
30884;1
32019;1
257176;1
31984;1
33476;1
33787;2
359925;1
254367;1
254344;4
259903;2
257276;2
257269;1
259339;2
259333;2
249661;2
33022;1
9944;1
273890;2
2001;1
366809;8
3378;1
357405;5
14475;1
1856;1
27398;3
8375;1
432;1
25819;2
17963;1
12738;2
12739;2
12740;1
12741;2
29692;2
5026;1
358877;1
4630;2
5641;2
31299;1
32719;1
19019;1
32325;1
5872;37
26604;1
44880;1
33168;2
24242;1
27186;1
227969;1
32303;2
19775;2
20723;1
20721;1
19787;2
35006;2
4575;3
33220;1
26267;1
20916;1
21119;1
31229;2
34720;2
14819;1
30391;1
19995;2
9526;1
14060;2
9546;2
20125;1
34222;2
33177;1
30281;1
23822;1
13977;4
28138;1
28091;3
2232;2
28773;1
32814;1
360880;1
28002;1
19322;2
26615;1
26641;1
6396;1
14947;2
13955;10
14793;1
29224;3
24442;2
22925;1
30790;1
2316;1
26726;2
2277;1
225388;5
33225;1
31569;1
18962;1
25259;1
17937;1
9773;8
7509;1
24557;4
7657;1
1261;2
7837;2
7725;2
7288;1
3963;1
34242;1
18345;2
16302;1
16863;2
6524;2
19301;5
27987;1
27984;1
172684;1
1313;1
30115;1
33414;2
9521;1
499;1
30150;1
32088;1
251080;1
262177;2
28067;1
6855;1
30201;1
24444;1
26099;3
28260;1
30069;2
17171;1
323512;2
28579;3
6920;1
270918;1
19251;2
27703;2
19203;1
2572;1
19230;1
238347;1
25799;1
29565;1
31343;1
28446;1
274951;1
18881;1
18302;1
21738;2
3044;1
11376;43
29686;2
24252;1
27646;2
15978;12
31696;4
7127;2
26518;2
175971;1
28041;1
32820;2
4886;1
5412;1
30123;2
30120;4
14476;1
246418;1
14597;1
274562;2
19418;1
19426;2
2713;1
27032;1
31178;1
31177;2
31181;1
4037;1
4860;1
28476;1
2344;2
258997;1
247191;1
26839;1
27553;2
5005;1
5427;1
266108;2
267350;1
29799;1
31955;1
262204;1
34762;4
237024;3
34115;6
174776;5
21136;1
572;2
33073;1
33085;1
33557;4
32975;1
7176;2
7384;1
6118;1
1922;1
33079;1
365466;2
30003;1
32933;1
7812;1
1809;1
32389;1
22851;1
22852;1
31005;1
32889;1
32199;1
1759;2
29916;9
17237;9
4787;1
360284;10
251075;1
22991;1
22497;1
14561;2
244811;1
359786;1
19141;1
225341;1
33322;5
32281;2
29278;3
32277;1
32987;1
32918;4
23693;5
4240;1
4263;1
12917;1
2939;1
31034;1
34011;4
28499;1
19310;1
27720;1
248510;1
1705;10
2297;2
33448;15
25880;1
30202;2
3229;2
14125;2
6858;1
273902;2
31433;3
28342;1
30471;1
278;2
239072;1
27480;1
27500;1
27475;1
37067;12
5000;1
3800;1
273916;1
239126;2
275224;1
271164;1
6978;1
32638;1
359939;1
359938;1
359937;1
360895;1
357448;1
274752;1
234910;2
182891;5
250468;2
26676;1
7930;1
33187;4
30043;2
30015;1
35805;1
254979;1
254980;1
7977;1
7461;1
32149;1
18986;2
18988;1
26356;1
26354;1
253165;1
359755;2
366833;8
365678;8
267056;2
33390;3
9356;1
11720;1
11533;1
13223;1
30152;1
26598;1
271;1
30735;1
30734;1
30701;1
33025;1
25743;1
25420;1
730;2
24669;1
224553;1
4880;1
7191;1
18038;1
43473;1
19162;1
43474;1
24692;4
366816;1
366820;4
366818;1
24454;2
33088;1
12830;2
12850;4
20604;2
262936;1
12822;1
28725;1
4597;1
17060;1
37120;1
33193;20
2017;1
281;8
26336;5
23381;1
24248;1
17188;1
359019;1
32353;1
23382;1
23589;1
24009;1
23553;1
15507;1
33239;1
33346;1
23903;1
23586;1
33238;1
23996;10
25750;1
26168;4
26167;8
29950;1
2711;1
34254;1
44686;1
38534;1
38481;1
19004;1
14415;1
32526;1
33153;1
18107;1
6419;8
7442;3
4545;4
35936;2
28216;5
20646;1
358009;1
257023;1
32897;1
33056;1
32240;1
4751;3
29821;2
30308;1
31564;1
4585;2
30148;1
22673;4
8254;2
37387;1
27933;1
366824;4
4732;3
7744;2
33733;2
3361;2
26729;2
6553;2
3509;4
19379;1
6501;1
33352;32
34004;2
26751;1
360870;2
19050;4
26765;3
4352;1
26570;1
22089;1
5033;1
27259;1
27950;1
19386;1
19200;1
19226;2
3528;3
33763;1
5269;1
34057;1
27293;1
27704;1
175508;1
33318;1
35582;1
19305;1
225408;2
35266;4
27855;1
231332;3
17903;1
668;1
26235;1
1950;1
26636;3
274261;1
2931;1
15752;2
31353;3
31910;1
266517;8
5713;1
23704;1
26635;1
6224;4
32566;1
8126;5
251078;2
251072;3
273888;2
6106;1
5143;1
29761;1
26467;3
34937;5
26466;2
17377;1
11515;1
242944;1
9091;1
30753;1
30947;1
32053;1
5129;2
32620;1
39041;4
7087;2
30473;1
24317;1
32382;1
16869;1
23264;2
6972;2
23244;1
257117;3
27445;2
27837;1
365480;2
14173;2
14132;2
26410;1
365673;4
17470;1
4548;5
20972;1
310;1
25710;1
26389;1
26205;12
28192;1
25812;2
4317;1
27377;1
26780;1
24863;1
2916;1
366802;1
18003;1
25316;1
175372;2
271303;1
2269;3
14796;1
13894;1
33071;1
33252;6
28843;1
22491;1
31427;1
26243;2
30117;1
28205;1
28039;1
39039;3
365702;1
38554;1
37123;1
29898;2
7969;1
6882;1
837;1
29286;1
10983;1
31232;2
267506;1
23840;1
31250;1
262434;1
29277;3
2805;1
33095;1
33092;1
255837;1
29247;1
29248;2
23378;1
32793;1
264575;1
339;1
33058;1
31562;1
26777;1
363498;1
33774;1
35029;1
30986;2
33771;3
273415;1
664;1
452;1
28352;1
19232;4
19394;1
273829;4
19241;1
19244;1
19238;4
33789;13
19247;1
34015;1
33898;17
19294;1
35530;2
178814;1
7721;1
266142;2
172304;1
26727;2
26730;1
26739;1
26753;1
7612;1
28953;1
30710;1
18324;1
28321;1
31035;1
28925;1
35686;2
273894;1
258298;1
274011;1
2200;2
304361;1
25751;1
23494;1
32336;2
264704;4
11983;3
11982;2
273972;1
4680;1
30072;1
30073;1
363706;1
28639;1
40916;1
276232;1
7802;1
31045;4
28493;1
30530;1
27667;1
368077;24
30819;5
2002;2
237768;2
366842;4
35367;3
5917;2
19417;3
7088;1
33724;7
18006;4
17960;1
45326;12
29952;1
266287;1
33226;1
28231;5
17656;1
225705;1
1906;2
238124;40
31671;10
30023;1
22689;1
25696;1
30022;1
363827;6
274775;1
32116;3
23577;2
10854;2
33459;3
33002;2
5315;1
34130;4
33380;4
7811;1
28830;1
14488;1
18153;6
18155;2
20309;2
14491;2
359914;9
272529;1
33768;4
25791;2
33372;6
33959;6
10279;1
25859;5
14725;1
239605;8
25715;1
14052;1
19920;2
9532;1
4606;1
242726;1
13976;1
359860;1
3635;1
274903;1
29747;1
32385;1
36232;4
20794;1
20606;1
368071;3
30078;1
27579;1
7245;2
17437;1
33436;10
632;1
363795;8
21055;1
363826;13
5618;2
5634;3
25835;1
5188;4
35633;10
26182;1
5399;1
3517;1
28119;1
275242;4
32722;1
14598;4
243835;1
245465;1
93;1
14417;2
14394;2
14445;3
19732;6
19723;2
363789;1
15463;10
4618;1
363876;6
272856;1
263854;1
3157;1
32879;1
6291;1
237731;1
32826;1
271131;1
32895;1
264525;1
32888;1
273840;1
229565;1
229566;1
30199;1
30204;1
36202;4
35572;1
273927;1
273928;1
33341;2
1949;11
37593;1
3003;2
40093;2
6280;1
27858;2
6625;1
264267;1
363400;1
188772;3
363983;30
363895;5
363898;5
495729;2
229157;2
5914;2
261582;1
276160;1
30285;1
24139;3
42119;1
30858;1
33769;9
26277;1
357381;5
30827;1
30829;1
21580;2
29718;1
1901;1
4350;1
2751;1
495603;4
20256;1
25473;1
8153;2
360031;2
26347;1
31025;1
7955;1
7278;1
33213;2
12610;1
273439;1
357386;1
235901;10
3551;8
2764;1
4354;1
9318;11
6157;10
32725;2
245451;3
245449;1
18154;2
274475;1
246546;1
266815;1
39673;13
273039;15
20049;6
33932;16
33166;1
32618;1
9520;1
14252;6
24174;1
270605;1
229102;2
842;1
14395;1
30941;1
495727;12
33342;20
21103;2
14655;3
33379;4
35227;4
35605;1
33382;1
14494;1
33597;1
14948;1
37465;1
28576;1
360884;2
37817;4
38118;2
274873;1
360293;1
4994;1
495733;1
495734;1
367801;2
367804;1
367810;1
233200;1
229842;1
14941;1
366819;1
366821;1
42811;30
274124;1
26134;1
228383;1
228377;1
27351;1
26927;1
26925;1
26944;1
27496;1
4540;10
495740;1
33446;12
23751;7
8648;315
2547;1
23566;2
34868;5
33118;1
32208;1
33081;2
32885;1
32887;1
28885;1
35630;1
28224;1
29631;3
31318;2
7376;2
6304;1
234010;4
35060;8
35039;8
267817;4
5157;2
32415;1
33018;1
23323;4
32936;2
2672;1
30373;1
26752;1
33021;2
275176;2
5912;1
32619;1
5932;4
4115;2
30393;2
32791;1
32771;1
33065;1
32273;1
32854;1
32878;1
32769;1
32766;1
32770;1
32847;1
32861;1
32881;1
32776;1
33935;4
32882;2
32884;2
32282;3
25810;1
32261;1
32195;1
32788;1
32851;1
1379;1
32275;1
32263;1
32592;1
33017;1
23322;2
32858;1
28120;1
32265;1
264663;1
32642;1
32837;1
32796;1
6812;22
19060;63
264594;1
32506;1
33053;2
33059;3
31927;1
31926;1
259730;1
30910;1
28561;1
365685;1
271026;1
30946;1
259754;1
33408;2
23393;1
31297;1
31296;1
28560;1
32049;1
32047;1
28399;1
30944;1
366830;1
259545;1
259445;1
238045;1
367061;1
238085;2
13055;1
26594;2
27853;2
14743;2
265737;1
33041;1
33042;1
260690;1
270614;1
6754;1
8141;3
6412;3
34025;2
23523;1
24496;1
17281;1
27912;1
26778;1
28040;2
27801;1
4172;1
273001;1
232968;1
28058;1
2698;2
3096;2
32603;1
16416;1
237669;4
266652;6
266063;14
235938;2
31263;1
31264;1
31219;2
266394;4
272977;1
274859;1
271107;1
261162;1
262469;1
262300;1
261171;1
318055;1
261174;1
262488;1
266889;4
261894;1
261947;1
326400;1
262598;1
262678;1
262676;1
262674;1
32941;1
32939;5
264613;1
17038;1
17609;1
7663;1
17468;1
17469;1
17471;1
17472;1
17473;1
5892;2
19428;4
26572;1
19608;2
28312;1
359823;2
337;6
326;1
32646;1
32235;1
32523;1
37819;1
32907;1
3767;1
33126;9
33167;2
33816;4
35806;5
33936;5
33331;6
35648;1
267608;1
246539;1
260908;20
33418;3
17634;6
17633;6
26464;1
36142;2
17276;3
29251;1
262154;1
4668;1
28955;1
5264;2
35495;1
29577;1
29576;1
267856;1
266389;1
29070;1
33266;4
29229;1
34059;5
35371;20
13646;1
13648;1
676;1
359892;2
705;1
6315;1
32368;1
17190;1
3530;1
27440;1
30132;1
7486;1
36029;2
31929;1
30329;1
2385;1
31592;1
31586;1
263072;1
30326;1
30127;1
31930;1
30490;1
360289;12
2792;1
33101;1
1952;2
1709;4
33972;16
32395;1
26075;2
276091;6
26239;1
35947;1
19374;2
225537;1
176365;1
40798;1
3051;1
27154;2
30505;1
33374;3
32346;2
26716;1
28872;7
796;1
38514;4
2268;1
3187;1
32464;1
5340;1
35404;2
3966;1
230692;3
33749;4
32894;2
33227;1
2055;1
27820;1
27817;1
26687;1
32078;2
252262;1
18001;1
359891;1
33695;1
26519;7
610;1
19039;1
30194;1
273907;2
16908;1
16918;1
30384;7
5937;1
30477;1
358004;1
6947;1
26183;4
17531;10
30084;2
2468;2
2105;3
609;1
15845;1
6736;4
33321;3
27797;1
9514;1
15474;27
9770;3
30095;1
266267;1
1537;4
245270;1
4842;1
6987;1
30258;1
17275;4
25924;2
27546;1
2247;1
260442;1
32409;2
22292;1
33950;4
12574;1
23748;1
23657;2
3909;1
239281;1
7990;4
34007;2
686;26
15284;2
15297;1
29954;2
11954;6
33255;4
9285;2
9291;2
26743;1
23293;1
19996;1
789;1
248671;2
28653;2
265562;1
234099;1
32453;2
1925;2
1915;4
19553;2
1895;3
1897;1
1972;2
1899;1
1900;1
1973;1
27522;1
27524;1
4038;1
221635;1
17016;1
16400;14
6854;1
32593;1
3018;2
33206;7
16668;1
667;2
13287;5
13213;1
32086;4
13267;2
16722;2
221470;2
221471;2
221469;1
12580;1
18049;3
18282;1
4171;5
9288;4
35664;4
31527;1
23945;1
252023;1
14745;1
25853;1
26334;2
417;1
27988;1
27982;1
26581;1
22231;2
274242;1
22981;1
19483;2
27726;1
34040;5
32363;2
32352;4
33223;1
28010;1
19295;2
19296;2
19212;2
18906;4
27869;2
2666;2
19029;1
35177;1
19164;1
5201;2
26465;1
24775;1
32331;1
33474;12
33453;1
5891;2
239430;3
265936;10
23942;1
31733;1
274771;1
1872;1
21897;25
26490;1
26491;1
26776;1
5148;5
5973;1
33317;2
8280;3
272543;1
238847;1
31036;1
27594;2
17611;1
8573;1
33375;4
32339;1
19921;4
35145;40
33714;8
5435;1
27935;1
236530;1
18299;1
16752;1
19309;1
35022;1
24314;1
29712;2
6069;1
245443;1
14804;1
20607;1
32151;3
4586;1
33386;4
3633;1
6179;1
1994;1
20620;1
17685;4
30850;1
35535;1
31115;1
32906;1
32913;1
32647;1
6852;1
28209;1
23882;1
24024;1
31593;1
273895;1
27491;1
6040;1
16326;1
270690;3
33661;4
37346;6
39638;6
13324;2
178135;3
272978;1
7084;2
33715;2
33309;4
33241;6
22987;1
24611;1
15465;2
17718;12
3040;1
29526;1
4718;2
27268;1
7613;1
2348;1
3235;1
34026;1
30792;1
17699;1
32600;3
25725;1
25796;4
3309;12
34001;1
5577;12
17236;2
34070;1
1569;2
32721;2
17158;1
17959;1
14346;2
29600;1
7674;1
266937;1
29912;2
33325;12
27673;1
26504;1
359219;1
720;1
33590;1
23707;1
14386;1
33214;3
23832;1
27588;8
5995;1
32929;1
23753;1
29701;1
3515;2
273414;4
4731;1
4100;2
4111;1
5027;1
5025;1
12737;4
266989;3
30687;1
4173;2
3578;2
253158;1
253061;1
4717;1
34052;2
274164;1
5128;1
29926;2
24233;1
4706;1
4707;1
4667;1
254472;2
26415;1
27320;1
27313;1
27765;1
8084;2
33194;1
274163;2
22232;2
30299;1
246943;6
29388;1
23718;1
251933;1
251932;1
29120;1
20279;2
238461;1
249981;1
11124;1
15996;1
31033;4
36173;2
14854;1
32993;1
30853;1
35809;2
35368;2
33984;14
31669;2
173509;1
24831;1
26517;1
241984;2
17025;1
8264;2
35950;2
35066;1
26623;1
30796;1
30797;1
30798;1
33395;25
33323;1
35285;7
19644;20
5478;1
29361;1
177299;2
22872;1
500;1
26142;2
33793;4
18350;5
259210;1
33920;4
4398;1
28223;4
7776;3
1530;3
32142;1
17615;1
7410;2
4862;1
34008;8
6550;4
17130;2
14405;1
35379;1
29703;2
29706;1
1609;2
10783;1
266762;1
2657;1
4469;1
5498;1
11027;1
15571;1
19355;1
5473;1
3793;1
4883;1
272568;1
26088;3
9808;4
9809;2
4827;1
32685;1
11807;4
5652;4
9528;1
14325;2
274840;1
22668;1
22669;1
22687;1
9407;1
8578;1
26195;24
229986;1
359889;1
27885;1
27258;1
892;1
359218;12
1750;2
32976;1
229395;1
33746;1
245454;1
649;3
5575;4
33003;1
32755;1
29260;1
33032;1
33038;1
33005;1
12391;1
265301;10
27928;1
6729;1
33586;1
14221;1
13539;2
33258;4
26446;1
26447;2
32583;1
19990;1
13945;1
19985;1
34128;1
34939;1
32585;1
6063;1
5658;3
22996;1
14786;1
31399;1
25838;1
21267;1
14765;2
19743;1
32324;2
30006;1
23622;1
23623;1
2739;1
30529;1
3921;1
35359;6
32095;10
3231;25
357439;1
26564;4
29744;1
26227;1
15439;2
254886;1
35691;2
358005;1
15586;1
15588;1
19430;1
33369;20
3649;4
36204;6
30498;1
29606;2
32944;1
33240;2
27576;1
14278;1
358010;1
30781;1
26591;1
17220;1
10760;1
1729;1
28059;1
8311;9
19668;2
19307;1
23788;1
26392;1
6503;1
7184;2
7112;2
17709;10
33949;3
1884;1
35353;2
30838;1
5472;1
30887;1
28952;2
359216;1
247405;1
23969;1
33845;7
22325;10
31426;1
33430;16
13471;2
13414;15
259029;1
31493;1
31885;1
28572;1
2674;2
6964;1
26307;1
2080;1
26096;1
22410;1
24219;1
28153;1
26269;1
29879;8
26435;1
30791;1
274211;1
247304;1
2542;1
6949;1
23501;1
251729;1
24443;1
24446;1
1975;2
13329;4
237413;1
6091;1
34022;5
3451;1
229185;1
16740;1
26524;2
29485;1
27376;1
27516;1
27512;1
7263;2
31630;1
26626;1
27863;1
19059;2
9783;1
9301;2
17265;1
16979;1
34237;2
231283;2
246082;1
3053;1
25637;2
12823;1
32905;2
32909;2
30027;1
33034;1
6780;1
98;1
102;1
2668;1
28338;4
27706;1
32812;3
28163;1
17860;1
27493;1
4550;2
33994;15
27818;1
27882;1
17664;1
16922;1
7105;1
27472;1
32511;1
33468;1
23790;1
12612;2
31689;1
274047;1
359916;3
28587;1
7379;2
32609;1
26624;1
8018;2
29373;1
1716;3
18892;1
26393;1
270836;1
5313;2
14733;1
2891;1
32338;1
31903;1
27713;1
1449;1
28370;1
19118;3
28109;1
33469;6
28396;1
7404;1
6751;1
263813;2
27057;1
27056;1
18320;2
1730;2
4439;2
15475;3
9802;1
9796;1
12659;1
40427;1
365457;2
274550;1
2097;1
31292;2
22326;2
17160;1
24121;16
23960;1
32380;1
27578;2
27034;1
363908;2
14349;1
26119;2
29951;1
31506;2
33406;3
229156;1
33404;8
32911;1
32915;1
1710;19
23535;1
13608;2
24420;1
20376;1
360370;1
19243;2
19237;8
19240;2
266468;10
23533;1
25141;1
226775;1
28017;1
4697;1
11096;1
7081;35
20143;1
32974;1
238792;1
36802;2
280137;2
30885;1
254398;1
30926;1
29423;1
29440;1
29425;1
29439;1
28918;1
29418;1
28680;1
29420;1
29433;1
29437;1
29438;1
28916;1
28793;1
29446;1
28927;1
256254;1
29442;1
3269;9
365475;1
365474;1
28634;1
28707;1
28644;1
33416;2
365478;1
33439;1
33327;12
28629;1
34149;35
28416;1
9911;1
363892;10
27741;1
9731;1
29366;6
6778;1
228891;1
30047;1
8448;3
27338;2
33910;3
33966;4
365476;6
30479;1
434;1
24322;5
4363;1
3642;1
17607;1
17606;1
32150;2
12778;1
27548;1
2749;1
21066;1
26042;1
32397;1
30295;2
27682;2
30038;1
32161;1
24064;2
229922;1
31049;1
30162;1
21736;5
359830;1
20980;1
238859;3
1980;1
28625;6
28340;1
360400;4
33244;1
30130;1
30173;1
363906;1
13736;1
257122;1
12586;2
30316;1
258380;1
14582;2
31291;4
229155;1
28647;1
29396;1
28643;1
28712;1
22485;1
29395;1
30592;1
29417;1
29397;1
30590;1
28543;1
28525;1
29370;1
29765;1
29412;1
29410;1
29394;1
29407;1
7342;1
262908;1
360874;4
360877;3
360878;4
33958;2
17889;1
28645;1
31235;2
30118;2
273926;2
31687;1
27521;1
27502;1
32351;1
28320;2
325894;1
4136;1
4137;1
173776;1
26402;1
22597;1
7762;1
45315;1
4922;1
264703;3
272755;1
4752;1
32457;2
28427;1
266163;4
237048;4
272717;2
23527;2
31043;1
3492;8
270969;1
22791;1
35738;1
36056;6
28062;1
3411;4
19513;1
225617;1
33869;2
8544;4
23757;2
28778;3
267562;8
267688;8
27177;1
28638;1
17026;1
34002;5
228378;1
31588;1
27854;1
7876;1
8222;2
3501;1
35954;1
363661;3
26674;1
32141;1
28117;1
36206;4
31516;1
31519;1
260071;1
3264;2
267131;3
273408;2
35663;2
272483;3
25850;1
22777;1
177152;4
8002;1
8003;2
4671;1
6958;6
272438;1
26312;3
24554;1
43050;12
42518;2
27829;1
38506;2
229560;1
273846;1
38517;3
26047;1
26049;1
43995;1
42994;2
14446;1
5225;1
35322;1
27049;1
26721;1
31523;2
35592;5
2171;2
7305;1
4345;1
37388;2
33134;2
7597;1
6193;1
24499;1
3566;1
5504;2
365671;2
11071;2
10756;1
10758;1
23569;1
30513;1
21902;2
17261;4
9302;30
258309;1
33592;4
29274;4
6833;3
28169;1
29792;2
30484;1
274498;1
4145;1
28064;1
30198;1
4935;2
32893;1
27634;1
23673;2
32804;5
27683;2
28443;1
27382;1
27018;1
32830;1
32827;1
276228;1
273004;1
32407;1
33942;2
27442;1
276100;2
27405;1
363912;1
365462;1
4351;1
277;1
32185;1
27238;1
21109;1
33264;1
8104;8
32257;1
16041;2
29593;1
16045;1
4101;1
7133;3
7788;1
32601;1
31312;1
254574;1
17591;1
17697;1
4963;2
274210;1
23845;1
54669;1
235892;1
19153;1
2553;2
28071;1
28777;1
23046;1
23529;1
4377;1
4375;1
23721;1
17192;2
23012;1
26861;1
31230;1
17142;1
33997;2
28313;1
28424;1
32276;2
245395;1
32181;1
9527;1
18915;1
273961;1
249010;2
18275;1
27690;2
28060;1
27715;1
27714;1
30820;2
5512;1
19448;1
365468;8
28651;4
16620;2
5747;2
23057;1
23423;1
26158;4
26647;1
22547;1
3726;2
28114;1
276261;1
28156;2
27183;1
27176;1
22459;1
31866;1
31871;1
242263;6
26417;1
32616;1
26086;2
17818;1
30744;2
14679;1
360882;6
22472;1
33361;2
12636;1
14470;1
27914;1
27822;1
33027;1
3043;1
36237;2
229274;1
31906;1
791;1
33161;2
3716;1
28437;1
29760;1
27687;1
35804;2
32553;1
35538;7
26669;1
33698;2
26670;1
5610;2
7656;1
3911;1
34211;5
29640;4
1544;2
171401;1
30417;1
17286;1
34999;1
32914;1
30948;1
30949;1
361150;1
358992;1
31042;1
31044;1
2986;1
31040;1
8011;1
23310;2
30501;1
30869;1
254327;1
30403;1
257032;1
30698;1
6055;1
265821;2
6053;1
30160;1
31723;1
30147;1
265476;1
259701;1
259702;1
2259;1
28609;1
265541;1
259665;1
29312;1
28558;1
32072;2
259517;1
31854;1
28584;1
28585;1
263446;1
266022;20
28578;1
28583;1
28581;1
31864;1
28592;1
28593;1
28577;1
254310;1
28589;1
254308;1
28559;1
265510;1
28570;1
30624;1
28564;1
262884;1
254322;1
29170;1
30673;1
259664;1
28595;1
28598;1
259661;1
28601;1
31127;1
261387;1
28671;1
28487;1
13444;1
249733;1
30486;1
3418;20
2483;1
6911;1
35997;2
263443;1
259910;1
259915;1
30973;1
3013;1
29206;1
29311;2
28600;1
30776;1
365460;1
2887;1
35275;3
40911;1
25922;2
24781;1
117;1
32581;2
365464;4
23842;1
4623;1
29168;1
27364;1
5387;1
31069;2
28012;2
5110;4
273002;1
30826;1
7344;4
33477;1
27514;1
32661;1
27875;1
687;1
14571;2
4855;1
37801;1
12070;10
18027;1
25219;1
4026;8
27684;2
23855;1
13586;1
30491;1
18089;1
267005;2
30266;1
8322;1
251802;1
2824;2
1365;1
24000;1
31271;1
30169;1
30156;1
30154;1
27368;1
32892;1
35509;1
32912;1
19346;1
30722;1
17628;12
17698;1
24002;1
17009;1
35073;5
3275;9
27413;1
32408;1
43922;1
33602;1
23919;1
21584;1
22790;4
25828;1
35378;1
462;1
20307;1
33858;2
33431;24
30390;2
23994;1
21861;1
24251;1
33388;1
33359;14
28469;1
23830;1
28473;1
34000;2
28467;1
30708;1
259777;1
28436;1
28253;1
33398;1
33010;1
45327;1
416;1
17492;8
17711;10
245384;1
29691;1
14347;3
25680;1
5850;2
32410;1
1955;3
270615;1
28479;1
32594;1
35696;3
3371;6
14269;12
7887;2
30108;2
25489;1
34044;1
249255;2
31053;1
7114;1
28459;1
28314;1
25655;1
7805;1
15330;1
14478;2
27487;2
21151;1
31700;2
31699;4
20310;2
20308;1
27842;1
27214;1
228515;1
27287;1
2346;4
273407;5
26002;4
32723;1
27529;1
27551;2
33335;10
19729;10
6898;8
19131;3
22965;1
3364;4
36220;8
28745;1
23355;4
27927;1
26760;2
24607;2
276219;1
24618;9
33784;30
5527;10
237304;1
18888;2
36347;2
2240;1
28018;1
172135;1
271004;1
30362;1
262860;1
266836;5
6184;2
35832;3
26748;1
29817;2
33289;1
17134;1
26222;2
33964;4
7119;1
31257;1
2669;2
30824;1
29788;2
194210;1
272412;1
16161;4
4054;1
35710;3
33345;1
29131;1
254663;2
27029;1
273413;1
28679;1
29400;1
28648;1
30609;2
176929;16
28636;1
28526;1
28541;1
28542;1
31902;2
30608;4
7469;1
28442;1
254213;1
253154;1
34118;2
29094;1
30844;1
259736;1
259739;1
259734;1
28456;1
28602;1
28630;1
29402;1
29444;1
28924;2
29426;1
28928;1
29435;1
29450;1
29449;1
29431;1
28530;1
28532;1
28537;1
28539;1
28710;1
28711;1
29386;1
29385;1
30925;1
28517;1
29272;2
33330;24
30572;1
28709;1
29434;1
266973;3
38555;1
33437;1
29436;1
28919;1
254377;1
30810;1
30883;1
33466;1
231338;1
32773;1
13665;1
17402;2
33268;2
6801;4
24795;2
28967;1
273903;2
8538;3
6824;7
304114;1
31273;1
31274;1
29814;1
6669;1
270606;1
26648;1
3050;1
19217;1
19104;1
11592;2
27802;1
32347;1
14094;1
20995;1
21774;1
26035;1
19221;4
26019;1
1905;1
23862;1
23860;1
28444;1
24634;2
35439;1
30352;1
32402;2
33184;3
7153;24
7078;24
32778;1
254208;2
27870;1
32883;1
360889;1
360890;1
360891;1
29071;1
1748;1
19354;2
29704;1
32098;2
26658;1
4334;1
24462;1
33963;1
810;1
26650;1
274009;2
237587;8
33163;1
24574;1
7115;1
37460;1
8615;2
30990;12
17680;6
14135;1
27160;1
19278;1
19365;1
27996;1
172444;1
176602;1
225958;1
23730;1
27575;1
360303;1
239914;1
35560;3
357461;3
6785;2
2523;2
9282;2
26546;2
26542;4
35583;2
263104;2
26299;2
1610;2
20280;1
20755;2
12608;2
28960;2
14675;1
15799;4
6375;1
3699;3
27148;1
31091;2
31092;1
14300;1
32459;2
5479;1
33767;4
20596;1
29520;1
27699;1
265325;2
35998;2
9293;4
9324;2
9617;1
9323;4
27729;1
34681;3
712;1
3405;4
14309;2
11952;2
20575;1
14380;2
30555;1
30560;1
26483;4
32216;1
33116;1
8250;1
28957;1
23064;1
23450;1
245838;1
43658;1
43972;1
27362;1
27593;1
32624;1
27823;1
17017;1
17015;1
11805;1
29746;1
29562;1
32517;1
270751;14
32787;1
273899;3
28779;1
23390;1
26714;1
27146;1
274161;1
274162;1
26812;1
32841;1
4677;1
7895;1
15482;2
28961;2
28207;6
28186;1
5505;2
33115;1
32219;1
33970;10
33971;4
433;1
7399;2
35182;1
34286;1
11830;1
35176;1
22843;1
33282;4
36346;4
30116;1
15576;1
11739;1
9815;1
12657;1
30578;1
27917;1
27920;1
15235;1
32497;1
32963;1
31239;1
264926;1
251077;1
3456;8
17824;1
16113;1
3056;1
29090;1
29971;1
34216;1
34176;2
5737;1
32262;2
849;1
3504;2
3568;1
27651;1
32921;7
30697;1
30703;1
30789;1
30356;1
28603;1
30680;1
30679;1
259772;1
259773;1
28582;1
28170;1
254366;1
28484;1
254233;1
31737;1
257946;1
267355;2
259443;1
27196;1
30793;1
28413;1
23326;1
33110;1
264558;1
32478;1
32807;1
33031;1
32683;1
32253;1
25740;1
32537;1
32540;1
32696;1
265455;1
21929;1
260158;1
2545;1
26510;2
27806;1
5144;12
23846;1
17894;2
24250;1
29880;2
2704;1
34020;1
15805;2
19980;1
5130;1
31206;1
261871;1
31208;1
264828;20
237766;2
33294;2
33296;2
262528;1
5411;1
229756;1
28935;1
358134;1
13046;1
1845;1
29781;1
233771;2
274140;1
7261;1
263646;1
33316;14
9955;5
266247;6
33442;2
22484;1
227460;1
367113;9
357980;1
3315;15
257179;1
28751;6
415;1
266225;2
256581;1
492;2
32584;2
359767;2
33975;6
361142;1
7611;1
25746;1
33367;2
29999;1
36054;1
33198;4
18989;2
2929;1
5754;1
359780;1
266467;1
368062;1
19130;2
5213;1
363946;2
281247;5
274033;1
27523;1
27525;1
27252;1
27253;1
13137;1
4327;3
1724;1
43877;1
368075;4
363708;2
4996;1
26100;1
12642;1
33123;1
32708;1
32925;1
264600;1
32836;1
263824;2
271132;1
33064;1
32759;1
275179;1
25767;1
274534;1
32613;1
271163;1
6192;1
225387;4
23475;1
8351;1
26398;1
26725;1
273688;1
29610;1
8616;2
360901;1
366803;4
2271;1
9089;1
31145;1
31173;1
31148;1
261489;1
261593;1
31170;1
31179;1
31182;1
237995;2
257777;1
35803;4
12601;4
5363;1
19378;1
32973;1
21887;8
233201;1
27434;1
174438;6
253270;1
273440;1
13009;1
30107;1
26563;3
5607;2
16721;2
30155;1
26056;1
10173;12
16328;3
4872;1
4161;1
4142;1
261469;1
31146;1
31187;1
261675;1
261698;1
261836;1
31210;1
31213;1
261972;1
262134;1
31168;1
262010;1
19015;2
254874;1
255753;1
253927;1
254871;1
256096;1
28904;1
29296;1
256097;1
28915;1
29234;1
29268;1
254463;1
28882;2
255747;1
29210;1
255754;1
254577;1
28908;1
16169;1
31205;1
19115;2
240154;3
2280;1
27748;1
43620;4
175498;4
368068;1
367808;1
19387;8
367809;1
25559;1
26172;6
33299;3
33156;1
30527;1
231081;8
31685;1
35236;1
33364;2
271197;10
265772;10
259796;1
31744;1
31743;1
33078;1
32580;1
45317;1
35600;2
37591;1
263827;1
1736;1
32260;2
32709;1
259563;1
259559;1
32850;1
32849;1
30516;1
32860;1
264665;1
35260;1
33270;1
35347;1
33794;4
258543;1
14848;1
1377;2
1275;1
17720;12
28284;2
28379;3
28382;2
16982;1
29226;1
29223;1
271160;1
25808;1
6238;1
5911;1
6162;1
5516;1
265241;1
1231;1
1203;1
363975;2
221709;1
16725;2
222441;1
222442;1
16810;1
222447;1
222448;1
31240;1
4497;5
5394;1
5395;1
29987;1
11201;2
30520;1
234962;3
39018;14
37728;2
35552;7
37690;4
276231;1
7331;1
225505;1
3263;2
28332;1
1956;1
358112;1
34056;1
7496;2
367123;17
28684;1
28683;1
259262;1
4376;1
30854;1
15798;1
6988;1
29566;1
267391;3
246298;5
246301;5
5992;1
230158;1
276108;1
238550;1
264106;1
661;1
5954;1
276113;1
26484;2
17122;1
8227;2
32658;1
33813;5
35631;2
1514;1
272866;4
365752;1
3266;1
27819;1
2989;3
26080;1
264260;1
32572;1
17012;2
17725;1
367793;1
358133;10
2218;2
171398;1
34261;4
11842;2
11841;2
26756;1
8407;1
20882;1
26137;10
267143;1
273427;2
239827;3
238875;1
25766;1
25888;1
26021;1
253134;1
253264;1
32155;1
263727;1
32643;1
28082;1
32157;1
32186;1
5165;20
27705;2
261661;1
262383;1
3773;1
31171;1
275211;1
262073;12
261154;1
261917;1
262595;1
234164;1
262611;1
237514;1
275227;1
261479;1
15448;1
13297;2
27601;8
271073;1
35709;3
229332;1
6579;2
31640;2
29982;6
13633;2
13635;2
6323;1
21885;1
23248;1
23784;1
21483;1
366827;2
366826;4
366828;2
366829;1
367119;1
24445;1
365700;1
13004;1
13005;1
13006;1
13007;1
13008;1
29058;1
249657;1
17938;1
230159;1
276074;1
14473;1
33807;6
16734;1
37406;1
222315;1
259713;1
33426;2
365703;1
366808;3
365695;1
35590;1
43031;1
365694;1
365691;1
365693;1
28652;1
26384;1
6443;1
7967;1
363476;2
31634;1
33236;1
33937;2
25789;1
5613;1
29639;4
256710;2
32513;1
34003;4
274239;1
274728;1
29670;1
33931;3
256912;1
30454;1
28394;1
28393;1
6876;1
23958;1
252477;1
23416;1
23401;1
365699;1
15168;2
32515;1
36154;2
2962;2
16646;1
246747;1
3916;1
17866;1
225343;1
24871;2
5197;2
234844;1
271162;1
270508;1
7242;1
7883;1
32119;3
26628;2
255133;1
5220;32
233930;28
274747;2
31081;1
26013;1
12635;1
6592;2
30684;1
30483;1
31938;1
3576;2
23019;4
14179;1
246777;1
18959;1
16814;1
265302;1
229551;1
255714;1
7739;1
30523;1
272636;1
27122;2
26271;1
257531;2
15299;4
2281;1
2702;1
237477;1
19484;1
3595;3
35713;18
30434;1
271204;2
22477;1
17686;1
366834;6
27816;2
367114;1
367115;1
367116;1
367117;1
367118;1
3694;5
4760;1
270532;1
259468;1
31879;2
273932;1
4631;2
3143;4
271043;1
366831;1
366832;1
24093;1
37311;1
30386;1
13072;1
3705;1
33035;1
29705;1
267541;1
28478;1
236526;1
30954;1
33919;1
29883;2
30288;1
32006;1
32005;1
30048;1
19748;15
23856;1
26090;4
242678;1
275388;1
5270;1
11227;1
28259;1
367112;4
28031;1
363707;1
30164;1
244151;1
273448;1
30002;1
254360;2
18063;1
18062;1
25916;2
226507;2
44567;4
261925;1
262477;1
262467;1
261145;1
261591;1
266776;3
1686;1
261868;1
261451;1
261445;1
235140;1
31259;1
261135;1
261136;1
31169;1
365575;1
261981;1
31180;1
12449;1
367128;5
5215;3
3232;3
33292;22
266734;50
25308;2
25620;6
20553;2
33691;1
10772;1
36219;8
5187;2
18326;1
256520;1
246363;1
16413;5
239316;2
6653;2
21058;1
29990;4
28389;2
16928;6
20148;4
14461;1
14086;1
26113;1
28460;1
258392;1
245450;1
23758;2
24588;1
23044;1
23843;1
30200;1
3379;1
1322;2
27671;1
30126;1
19182;1
29605;1
31018;1
262;1
8522;3
8496;1
256524;1
360332;1
30748;1
16871;1
4669;2
4991;2
25364;1
19451;1
274100;1
